index,runs,opponent,ground,date,match,Match_No,total,Year,ODI,T20,TEST,Centuries,Fifties
0,12,SriLanka,Dambulla,18-Aug-08,ODI,1,12,2008,1,0,0,0,0
1,37,SriLanka,Dambulla,20-Aug-08,ODI,2,49,2008,1,0,0,0,0
2,25,SriLanka,Colombo(RPS),24-Aug-08,ODI,3,74,2008,1,0,0,0,0
3,54,SriLanka,Colombo(RPS),27-Aug-08,ODI,4,128,2008,1,0,0,0,1
4,31,SriLanka,Colombo(RPS),29-Aug-08,ODI,5,159,2008,1,0,0,0,0
5,2,SriLanka,Colombo(RPS),14-Sep-09,ODI,6,161,2009,1,0,0,0,0
6,16,Pakistan,Centurion,26-Sep-09,ODI,7,177,2009,1,0,0,0,0
8,79,WestIndies,Johannesburg,30-Sep-09,ODI,8,256,2009,1,0,0,0,1
9,30,Australia,Vadodara,25-Oct-09,ODI,9,286,2009,1,0,0,0,0
10,10,Australia,Mohali,02-Nov-09,ODI,10,296,2009,1,0,0,0,0
11,27,SriLanka,Rajkot,15-Dec-09,ODI,11,323,2009,1,0,0,0,0
12,54,SriLanka,Nagpur,18-Dec-09,ODI,12,377,2009,1,0,0,0,1
13,107,SriLanka,Kolkata,24-Dec-09,ODI,13,484,2009,1,0,0,1,0
15,9,SriLanka,Mirpur,05-Jan-10,ODI,14,493,2010,1,0,0,0,0
16,91,Bangladesh,Mirpur,07-Jan-10,ODI,15,584,2010,1,0,0,0,1
17,71,SriLanka,Mirpur,10-Jan-10,ODI,16,655,2010,1,0,0,0,1
18,102,Bangladesh,Mirpur,11-Jan-10,ODI,17,757,2010,1,0,0,1,0
19,2,SriLanka,Mirpur,13-Jan-10,ODI,18,759,2010,1,0,0,0,0
20,31,SouthAfrica,Jaipur,21-Feb-10,ODI,19,790,2010,1,0,0,0,0
22,57,SouthAfrica,Ahmedabad,27-Feb-10,ODI,20,847,2010,1,0,0,0,1
23,0,Zimbabwe,Bulawayo,28-May-10,ODI,21,847,2010,1,0,0,0,0
24,82,SriLanka,Bulawayo,30-May-10,ODI,22,929,2010,1,0,0,0,1
25,18,Zimbabwe,Harare,03-Jun-10,ODI,23,947,2010,1,0,0,0,0
26,68,SriLanka,Harare,05-Jun-10,ODI,24,1015,2010,1,0,0,0,1
27,26,Zimbabwe,Harare,12-Jun-10,T20,25,1041,2010,0,1,0,0,0
29,11,Bangladesh,Dambulla,16-Jun-10,ODI,26,1052,2010,1,0,0,0,0
30,18,Pakistan,Dambulla,19-Jun-10,ODI,27,1070,2010,1,0,0,0,0
31,10,SriLanka,Dambulla,22-Jun-10,ODI,28,1080,2010,1,0,0,0,0
32,28,SriLanka,Dambulla,24-Jun-10,ODI,29,1108,2010,1,0,0,0,0
33,0,SriLanka,Dambulla,16-Aug-10,ODI,30,1108,2010,1,0,0,0,0
34,8,NewZealand,Dambulla,25-Aug-10,ODI,31,1116,2010,1,0,0,0,0
35,37,SriLanka,Dambulla,28-Aug-10,ODI,32,1153,2010,1,0,0,0,0
36,118,Australia,Visakhapatnam,20-Oct-10,ODI,33,1271,2010,1,0,0,1,0
37,105,NewZealand,Guwahati,28-Nov-10,ODI,34,1376,2010,1,0,0,1,0
38,64,NewZealand,Jaipur,01-Dec-10,ODI,35,1440,2010,1,0,0,0,1
39,63,NewZealand,Vadodara,04-Dec-10,ODI,36,1503,2010,1,0,0,0,1
40,0,NewZealand,Bengaluru,07-Dec-10,ODI,37,1503,2010,1,0,0,0,0
41,2,NewZealand,Chennai,10-Dec-10,ODI,38,1505,2010,1,0,0,0,0
42,28,SouthAfrica,Durban,09-Jan-11,T20,39,1533,2011,0,1,0,0,0
43,54,SouthAfrica,Durban,12-Jan-11,ODI,40,1587,2011,1,0,0,0,1
44,22,SouthAfrica,Johannesburg,15-Jan-11,ODI,41,1609,2011,1,0,0,0,0
45,28,SouthAfrica,CapeTown,18-Jan-11,ODI,42,1637,2011,1,0,0,0,0
46,87,SouthAfrica,Gqeberha,21-Jan-11,ODI,43,1724,2011,1,0,0,0,1
47,2,SouthAfrica,Centurion,23-Jan-11,ODI,44,1726,2011,1,0,0,0,0
48,100,Bangladesh,Mirpur,19-Feb-11,ODI,45,1826,2011,1,0,0,1,0
49,8,England,Bengaluru,27-Feb-11,ODI,46,1834,2011,1,0,0,0,0
50,34,Ireland,Bengaluru,06-Mar-11,ODI,47,1868,2011,1,0,0,0,0
51,12,Netherlands,Delhi,09-Mar-11,ODI,48,1880,2011,1,0,0,0,0
52,1,SouthAfrica,Nagpur,12-Mar-11,ODI,49,1881,2011,1,0,0,0,0
53,59,WestIndies,Chennai,20-Mar-11,ODI,50,1940,2011,1,0,0,0,1
54,24,Australia,Ahmedabad,24-Mar-11,ODI,51,1964,2011,1,0,0,0,0
55,9,Pakistan,Mohali,30-Mar-11,ODI,52,1973,2011,1,0,0,0,0
56,35,SriLanka,Wankhede,02-Apr-11,ODI,53,2008,2011,1,0,0,0,0
57,14,WestIndies,PortofSpain,04-Jun-11,T20,54,2022,2011,0,1,0,0,0
58,2,WestIndies,PortofSpain,06-Jun-11,ODI,55,2024,2011,1,0,0,0,0
59,81,WestIndies,PortofSpain,08-Jun-11,ODI,56,2105,2011,1,0,0,0,1
60,0,WestIndies,NorthSound,11-Jun-11,ODI,57,2105,2011,1,0,0,0,0
61,22,WestIndies,NorthSound,13-Jun-11,ODI,58,2127,2011,1,0,0,0,0
62,94,WestIndies,Kingston,16-Jun-11,ODI,59,2221,2011,1,0,0,0,1
63,4,WestIndies,Kingston,20-Jun-11,Test,60,2225,2011,0,0,1,0,0
64,15,WestIndies,Kingston,20-Jun-11,Test,61,2240,2011,0,0,1,0,0
65,0,WestIndies,Bridgetown,28-Jun-11,Test,62,2240,2011,0,0,1,0,0
66,27,WestIndies,Bridgetown,28-Jun-11,Test,63,2267,2011,0,0,1,0,0
67,30,WestIndies,Roseau,06-Jul-11,Test,64,2297,2011,0,0,1,0,0
69,4,England,Manchester,31-Aug-11,T20,65,2301,2011,0,1,0,0,0
70,55,England,Chester-le-Street,03-Sep-11,ODI,66,2356,2011,1,0,0,0,1
71,9,England,Southampton,06-Sep-11,ODI,67,2365,2011,1,0,0,0,0
72,7,England,TheOval,09-Sep-11,ODI,68,2372,2011,1,0,0,0,0
73,16,England,Lord's,11-Sep-11,ODI,69,2388,2011,1,0,0,0,0
74,107,England,Cardiff,16-Sep-11,ODI,70,2495,2011,1,0,0,1,0
75,37,England,Hyderabad(Deccan),14-Oct-11,ODI,71,2532,2011,1,0,0,0,0
76,112,England,Delhi,17-Oct-11,ODI,72,2644,2011,1,0,0,1,0
77,35,England,Mohali,20-Oct-11,ODI,73,2679,2011,1,0,0,0,0
78,86,England,Wankhede,23-Oct-11,ODI,74,2765,2011,1,0,0,0,1
79,0,England,Kolkata,25-Oct-11,ODI,75,2765,2011,1,0,0,0,0
80,15,England,Kolkata,29-Oct-11,T20,76,2780,2011,0,1,0,0,0
81,52,WestIndies,Wankhede,22-Nov-11,Test,77,2832,2011,0,0,1,0,1
82,63,WestIndies,Wankhede,22-Nov-11,Test,78,2895,2011,0,0,1,0,1
83,3,WestIndies,Cuttack,29-Nov-11,ODI,79,2898,2011,1,0,0,0,0
84,117,WestIndies,Visakhapatnam,02-Dec-11,ODI,80,3015,2011,1,0,0,1,0
85,20,WestIndies,Ahmedabad,05-Dec-11,ODI,81,3035,2011,1,0,0,0,0
86,23,WestIndies,Indore,08-Dec-11,ODI,82,3058,2011,1,0,0,0,0
87,80,WestIndies,Chennai,11-Dec-11,ODI,83,3138,2011,1,0,0,0,1
88,11,Australia,Melbourne,26-Dec-11,Test,84,3149,2011,0,0,1,0,0
89,0,Australia,Melbourne,26-Dec-11,Test,85,3149,2011,0,0,1,0,0
90,23,Australia,Sydney,03-Jan-12,Test,86,3172,2012,0,0,1,0,0
91,9,Australia,Sydney,03-Jan-12,Test,87,3181,2012,0,0,1,0,0
92,44,Australia,Perth,13-Jan-12,Test,88,3225,2012,0,0,1,0,0
93,75,Australia,Perth,13-Jan-12,Test,89,3300,2012,0,0,1,0,1
94,116,Australia,Adelaide,24-Jan-12,Test,90,3416,2012,0,0,1,1,0
95,22,Australia,Adelaide,24-Jan-12,Test,91,3438,2012,0,0,1,0,0
96,22,Australia,Sydney,01-Feb-12,T20,92,3460,2012,0,1,0,0,0
97,31,Australia,Melbourne,03-Feb-12,T20,93,3491,2012,0,1,0,0,0
98,31,Australia,Melbourne,05-Feb-12,ODI,94,3522,2012,1,0,0,0,0
99,77,SriLanka,Perth,08-Feb-12,ODI,95,3599,2012,1,0,0,0,1
100,18,Australia,Adelaide,12-Feb-12,ODI,96,3617,2012,1,0,0,0,0
101,15,SriLanka,Adelaide,14-Feb-12,ODI,97,3632,2012,1,0,0,0,0
102,12,Australia,Brisbane,19-Feb-12,ODI,98,3644,2012,1,0,0,0,0
103,66,SriLanka,Brisbane,21-Feb-12,ODI,99,3710,2012,1,0,0,0,1
104,21,Australia,Sydney,26-Feb-12,ODI,100,3731,2012,1,0,0,0,0
105,133,SriLanka,Hobart,28-Feb-12,ODI,101,3864,2012,1,0,0,1,0
106,108,SriLanka,Mirpur,13-Mar-12,ODI,102,3972,2012,1,0,0,1,0
107,66,Bangladesh,Mirpur,16-Mar-12,ODI,103,4038,2012,1,0,0,0,1
108,183,Pakistan,Mirpur,18-Mar-12,ODI,104,4221,2012,1,0,0,1,0
110,106,SriLanka,Hambantota,21-Jul-12,ODI,105,4327,2012,1,0,0,1,0
111,1,SriLanka,Hambantota,24-Jul-12,ODI,106,4328,2012,1,0,0,0,0
112,38,SriLanka,Colombo(RPS),28-Jul-12,ODI,107,4366,2012,1,0,0,0,0
113,128,SriLanka,Colombo(RPS),31-Jul-12,ODI,108,4494,2012,1,0,0,1,0
114,23,SriLanka,Pallekele,04-Aug-12,ODI,109,4517,2012,1,0,0,0,0
115,68,SriLanka,Pallekele,07-Aug-12,T20,110,4585,2012,0,1,0,0,1
116,58,NewZealand,Hyderabad(Deccan),23-Aug-12,Test,111,4643,2012,0,0,1,0,1
117,103,NewZealand,Bengaluru,31-Aug-12,Test,112,4746,2012,0,0,1,1,0
118,51,NewZealand,Bengaluru,31-Aug-12,Test,113,4797,2012,0,0,1,0,1
119,70,NewZealand,Chennai,11-Sep-12,T20,114,4867,2012,0,1,0,0,1
120,50,Afghanistan,Colombo(RPS),19-Sep-12,T20,115,4917,2012,0,1,0,0,1
121,40,England,Colombo(RPS),23-Sep-12,T20,116,4957,2012,0,1,0,0,0
122,15,Australia,Colombo(RPS),28-Sep-12,T20,117,4972,2012,0,1,0,0,0
123,78,Pakistan,Colombo(RPS),30-Sep-12,T20,118,5050,2012,0,1,0,0,1
124,2,SouthAfrica,Colombo(RPS),02-Oct-12,T20,119,5052,2012,0,1,0,0,0
125,19,England,Ahmedabad,15-Nov-12,Test,120,5071,2012,0,0,1,0,0
126,14,England,Ahmedabad,15-Nov-12,Test,121,5085,2012,0,0,1,0,0
127,19,England,Wankhede,23-Nov-12,Test,122,5104,2012,0,0,1,0,0
128,7,England,Wankhede,23-Nov-12,Test,123,5111,2012,0,0,1,0,0
129,6,England,Kolkata,05-Dec-12,Test,124,5117,2012,0,0,1,0,0
130,20,England,Kolkata,05-Dec-12,Test,125,5137,2012,0,0,1,0,0
131,103,England,Nagpur,13-Dec-12,Test,126,5240,2012,0,0,1,1,0
132,21,England,Pune,20-Dec-12,T20,127,5261,2012,0,1,0,0,0
133,38,England,Wankhede,22-Dec-12,T20,128,5299,2012,0,1,0,0,0
134,9,Pakistan,Bengaluru,25-Dec-12,T20,129,5308,2012,0,1,0,0,0
135,27,Pakistan,Ahmedabad,28-Dec-12,T20,130,5335,2012,0,1,0,0,0
136,0,Pakistan,Chennai,30-Dec-12,ODI,131,5335,2012,1,0,0,0,0
137,6,Pakistan,Kolkata,03-Jan-13,ODI,132,5341,2013,1,0,0,0,0
138,7,Pakistan,Delhi,06-Jan-13,ODI,133,5348,2013,1,0,0,0,0
139,15,England,Rajkot,11-Jan-13,ODI,134,5363,2013,1,0,0,0,0
140,37,England,Kochi,15-Jan-13,ODI,135,5400,2013,1,0,0,0,0
141,77,England,Ranchi,19-Jan-13,ODI,136,5477,2013,1,0,0,0,1
142,26,England,Mohali,23-Jan-13,ODI,137,5503,2013,1,0,0,0,0
143,0,England,Dharamsala,27-Jan-13,ODI,138,5503,2013,1,0,0,0,0
144,107,Australia,Chennai,22-Feb-13,Test,139,5610,2013,0,0,1,1,0
146,34,Australia,Hyderabad(Deccan),02-Mar-13,Test,140,5644,2013,0,0,1,0,0
147,67,Australia,Mohali,14-Mar-13,Test,141,5711,2013,0,0,1,0,1
148,34,Australia,Mohali,14-Mar-13,Test,142,5745,2013,0,0,1,0,0
149,1,Australia,Delhi,22-Mar-13,Test,143,5746,2013,0,0,1,0,0
150,41,Australia,Delhi,22-Mar-13,Test,144,5787,2013,0,0,1,0,0
151,31,SouthAfrica,Cardiff,06-Jun-13,ODI,145,5818,2013,1,0,0,0,0
152,22,WestIndies,TheOval,11-Jun-13,ODI,146,5840,2013,1,0,0,0,0
153,22,Pakistan,Birmingham,15-Jun-13,ODI,147,5862,2013,1,0,0,0,0
154,58,SriLanka,Cardiff,20-Jun-13,ODI,148,5920,2013,1,0,0,0,1
155,43,England,Birmingham,23-Jun-13,ODI,149,5963,2013,1,0,0,0,0
156,11,WestIndies,Kingston,30-Jun-13,ODI,150,5974,2013,1,0,0,0,0
157,2,SriLanka,Kingston,02-Jul-13,ODI,151,5976,2013,1,0,0,0,0
158,102,WestIndies,PortofSpain,05-Jul-13,ODI,152,6078,2013,1,0,0,1,0
159,31,SriLanka,PortofSpain,09-Jul-13,ODI,153,6109,2013,1,0,0,0,0
160,2,SriLanka,PortofSpain,11-Jul-13,ODI,154,6111,2013,1,0,0,0,0
161,115,Zimbabwe,Harare,24-Jul-13,ODI,155,6226,2013,1,0,0,1,0
162,14,Zimbabwe,Harare,26-Jul-13,ODI,156,6240,2013,1,0,0,0,0
163,68,Zimbabwe,Harare,28-Jul-13,ODI,157,6308,2013,1,0,0,0,1
166,29,Australia,Rajkot,10-Oct-13,T20,158,6337,2013,0,1,0,0,0
167,61,Australia,Pune,13-Oct-13,ODI,159,6398,2013,1,0,0,0,1
168,100,Australia,Jaipur,16-Oct-13,ODI,160,6498,2013,1,0,0,1,0
169,68,Australia,Mohali,19-Oct-13,ODI,161,6566,2013,1,0,0,0,1
171,115,Australia,Nagpur,30-Oct-13,ODI,162,6681,2013,1,0,0,1,0
172,0,Australia,Bengaluru,02-Nov-13,ODI,163,6681,2013,1,0,0,0,0
173,3,WestIndies,Kolkata,06-Nov-13,Test,164,6684,2013,0,0,1,0,0
174,57,WestIndies,Wankhede,14-Nov-13,Test,165,6741,2013,0,0,1,0,1
175,86,WestIndies,Kochi,21-Nov-13,ODI,166,6827,2013,1,0,0,0,1
176,99,WestIndies,Visakhapatnam,24-Nov-13,ODI,167,6926,2013,1,0,0,0,1
177,19,WestIndies,Kanpur,27-Nov-13,ODI,168,6945,2013,1,0,0,0,0
178,31,SouthAfrica,Johannesburg,05-Dec-13,ODI,169,6976,2013,1,0,0,0,0
179,0,SouthAfrica,Durban,08-Dec-13,ODI,170,6976,2013,1,0,0,0,0
181,119,SouthAfrica,Johannesburg,18-Dec-13,Test,171,7095,2013,0,0,1,1,0
182,96,SouthAfrica,Johannesburg,18-Dec-13,Test,172,7191,2013,0,0,1,0,1
183,46,SouthAfrica,Durban,26-Dec-13,Test,173,7237,2013,0,0,1,0,0
184,11,SouthAfrica,Durban,26-Dec-13,Test,174,7248,2013,0,0,1,0,0
185,123,NewZealand,Napier,19-Jan-14,ODI,175,7371,2014,1,0,0,1,0
186,78,NewZealand,Hamilton,22-Jan-14,ODI,176,7449,2014,1,0,0,0,1
187,6,NewZealand,Auckland,25-Jan-14,ODI,177,7455,2014,1,0,0,0,0
188,2,NewZealand,Hamilton,28-Jan-14,ODI,178,7457,2014,1,0,0,0,0
189,82,NewZealand,Wellington,31-Jan-14,ODI,179,7539,2014,1,0,0,0,1
190,4,NewZealand,Auckland,06-Feb-14,Test,180,7543,2014,0,0,1,0,0
191,67,NewZealand,Auckland,06-Feb-14,Test,181,7610,2014,0,0,1,0,1
192,38,NewZealand,Wellington,14-Feb-14,Test,182,7648,2014,0,0,1,0,0
193,105,NewZealand,Wellington,14-Feb-14,Test,183,7753,2014,0,0,1,1,0
194,136,Bangladesh,Fatullah,26-Feb-14,ODI,184,7889,2014,1,0,0,1,0
195,48,SriLanka,Fatullah,28-Feb-14,ODI,185,7937,2014,1,0,0,0,0
196,5,Pakistan,Mirpur,02-Mar-14,ODI,186,7942,2014,1,0,0,0,0
198,36,Pakistan,Mirpur,21-Mar-14,T20,187,7978,2014,0,1,0,0,0
199,54,WestIndies,Mirpur,23-Mar-14,T20,188,8032,2014,0,1,0,0,1
200,57,Bangladesh,Mirpur,28-Mar-14,T20,189,8089,2014,0,1,0,0,1
201,23,Australia,Mirpur,30-Mar-14,T20,190,8112,2014,0,1,0,0,0
202,72,SouthAfrica,Mirpur,04-Apr-14,T20,191,8184,2014,0,1,0,0,1
203,77,SriLanka,Mirpur,06-Apr-14,T20,192,8261,2014,0,1,0,0,1
204,1,England,Nottingham,09-Jul-14,Test,193,8262,2014,0,0,1,0,0
205,8,England,Nottingham,09-Jul-14,Test,194,8270,2014,0,0,1,0,0
206,25,England,Lord's,17-Jul-14,Test,195,8295,2014,0,0,1,0,0
207,0,England,Lord's,17-Jul-14,Test,196,8295,2014,0,0,1,0,0
208,39,England,Southampton,27-Jul-14,Test,197,8334,2014,0,0,1,0,0
209,28,England,Southampton,27-Jul-14,Test,198,8362,2014,0,0,1,0,0
210,0,England,Manchester,07-Aug-14,Test,199,8362,2014,0,0,1,0,0
211,7,England,Manchester,07-Aug-14,Test,200,8369,2014,0,0,1,0,0
212,6,England,TheOval,15-Aug-14,Test,201,8375,2014,0,0,1,0,0
213,20,England,TheOval,15-Aug-14,Test,202,8395,2014,0,0,1,0,0
214,0,England,Cardiff,27-Aug-14,ODI,203,8395,2014,1,0,0,0,0
215,40,England,Nottingham,30-Aug-14,ODI,204,8435,2014,1,0,0,0,0
216,1,England,Birmingham,02-Sep-14,ODI,205,8436,2014,1,0,0,0,0
217,13,England,Leeds,05-Sep-14,ODI,206,8449,2014,1,0,0,0,0
218,66,England,Birmingham,07-Sep-14,T20,207,8515,2014,0,1,0,0,1
219,2,WestIndies,Kochi,08-Oct-14,ODI,208,8517,2014,1,0,0,0,0
220,62,WestIndies,Delhi,11-Oct-14,ODI,209,8579,2014,1,0,0,0,1
221,127,WestIndies,Dharamsala,17-Oct-14,ODI,210,8706,2014,1,0,0,1,0
222,22,SriLanka,Cuttack,02-Nov-14,ODI,211,8728,2014,1,0,0,0,0
223,49,SriLanka,Ahmedabad,06-Nov-14,ODI,212,8777,2014,1,0,0,0,0
224,53,SriLanka,Hyderabad(Deccan),09-Nov-14,ODI,213,8830,2014,1,0,0,0,1
225,66,SriLanka,Kolkata,13-Nov-14,ODI,214,8896,2014,1,0,0,0,1
226,139,SriLanka,Ranchi,16-Nov-14,ODI,215,9035,2014,1,0,0,1,0
227,115,Australia,Adelaide,09-Dec-14,Test,216,9150,2014,0,0,1,1,0
228,141,Australia,Adelaide,09-Dec-14,Test,217,9291,2014,0,0,1,1,0
229,19,Australia,Brisbane,17-Dec-14,Test,218,9310,2014,0,0,1,0,0
230,1,Australia,Brisbane,17-Dec-14,Test,219,9311,2014,0,0,1,0,0
231,169,Australia,Melbourne,26-Dec-14,Test,220,9480,2014,0,0,1,1,0
232,54,Australia,Melbourne,26-Dec-14,Test,221,9534,2014,0,0,1,0,1
233,147,Australia,Sydney,06-Jan-15,Test,222,9681,2015,0,0,1,1,0
234,46,Australia,Sydney,06-Jan-15,Test,223,9727,2015,0,0,1,0,0
235,9,Australia,Melbourne,18-Jan-15,ODI,224,9736,2015,1,0,0,0,0
236,4,England,Brisbane,20-Jan-15,ODI,225,9740,2015,1,0,0,0,0
237,3,Australia,Sydney,26-Jan-15,ODI,226,9743,2015,1,0,0,0,0
238,8,England,Perth,30-Jan-15,ODI,227,9751,2015,1,0,0,0,0
239,107,Pakistan,Adelaide,15-Feb-15,ODI,228,9858,2015,1,0,0,1,0
240,46,SouthAfrica,Melbourne,22-Feb-15,ODI,229,9904,2015,1,0,0,0,0
241,33,U.A.E.,Perth,28-Feb-15,ODI,230,9937,2015,1,0,0,0,0
242,33,WestIndies,Perth,06-Mar-15,ODI,231,9970,2015,1,0,0,0,0
243,44,Ireland,Hamilton,10-Mar-15,ODI,232,10014,2015,1,0,0,0,0
244,38,Zimbabwe,Auckland,14-Mar-15,ODI,233,10052,2015,1,0,0,0,0
245,3,Bangladesh,Melbourne,19-Mar-15,ODI,234,10055,2015,1,0,0,0,0
246,1,Australia,Sydney,26-Mar-15,ODI,235,10056,2015,1,0,0,0,0
247,14,Bangladesh,Fatullah,10-Jun-15,Test,236,10070,2015,0,0,1,0,0
248,1,Bangladesh,Mirpur,18-Jun-15,ODI,237,10071,2015,1,0,0,0,0
249,23,Bangladesh,Mirpur,21-Jun-15,ODI,238,10094,2015,1,0,0,0,0
250,25,Bangladesh,Mirpur,24-Jun-15,ODI,239,10119,2015,1,0,0,0,0
251,103,SriLanka,Galle,12-Aug-15,Test,240,10222,2015,0,0,1,1,0
252,3,SriLanka,Galle,12-Aug-15,Test,241,10225,2015,0,0,1,0,0
253,78,SriLanka,Colombo(PSS),20-Aug-15,Test,242,10303,2015,0,0,1,0,1
254,10,SriLanka,Colombo(PSS),20-Aug-15,Test,243,10313,2015,0,0,1,0,0
255,18,SriLanka,Colombo(SSC),28-Aug-15,Test,244,10331,2015,0,0,1,0,0
256,21,SriLanka,Colombo(SSC),28-Aug-15,Test,245,10352,2015,0,0,1,0,0
257,43,SouthAfrica,Dharamsala,02-Oct-15,T20,246,10395,2015,0,1,0,0,0
258,1,SouthAfrica,Cuttack,05-Oct-15,T20,247,10396,2015,0,1,0,0,0
259,11,SouthAfrica,Kanpur,11-Oct-15,ODI,248,10407,2015,1,0,0,0,0
260,12,SouthAfrica,Indore,14-Oct-15,ODI,249,10419,2015,1,0,0,0,0
261,77,SouthAfrica,Rajkot,18-Oct-15,ODI,250,10496,2015,1,0,0,0,1
262,138,SouthAfrica,Chennai,22-Oct-15,ODI,251,10634,2015,1,0,0,1,0
263,7,SouthAfrica,Wankhede,25-Oct-15,ODI,252,10641,2015,1,0,0,0,0
264,1,SouthAfrica,Mohali,05-Nov-15,Test,253,10642,2015,0,0,1,0,0
265,29,SouthAfrica,Mohali,05-Nov-15,Test,254,10671,2015,0,0,1,0,0
267,22,SouthAfrica,Nagpur,25-Nov-15,Test,255,10693,2015,0,0,1,0,0
268,16,SouthAfrica,Nagpur,25-Nov-15,Test,256,10709,2015,0,0,1,0,0
269,44,SouthAfrica,Delhi,03-Dec-15,Test,257,10753,2015,0,0,1,0,0
270,88,SouthAfrica,Delhi,03-Dec-15,Test,258,10841,2015,0,0,1,0,1
271,91,Australia,Perth,12-Jan-16,ODI,259,10932,2016,1,0,0,0,1
272,59,Australia,Brisbane,15-Jan-16,ODI,260,10991,2016,1,0,0,0,1
273,117,Australia,Melbourne,17-Jan-16,ODI,261,11108,2016,1,0,0,1,0
274,106,Australia,Canberra,20-Jan-16,ODI,262,11214,2016,1,0,0,1,0
275,8,Australia,Sydney,23-Jan-16,ODI,263,11222,2016,1,0,0,0,0
276,90,Australia,Adelaide,26-Jan-16,T20,264,11312,2016,0,1,0,0,1
277,59,Australia,Melbourne,29-Jan-16,T20,265,11371,2016,0,1,0,0,1
278,50,Australia,Sydney,31-Jan-16,T20,266,11421,2016,0,1,0,0,1
279,7,Bangladesh,Mirpur,24-Feb-16,T20,267,11428,2016,0,1,0,0,0
280,49,Pakistan,Mirpur,27-Feb-16,T20,268,11477,2016,0,1,0,0,0
281,56,SriLanka,Mirpur,01-Mar-16,T20,269,11533,2016,0,1,0,0,1
283,41,Bangladesh,Mirpur,06-Mar-16,T20,270,11574,2016,0,1,0,0,0
284,23,NewZealand,Nagpur,15-Mar-16,T20,271,11597,2016,0,1,0,0,0
285,55,Pakistan,Kolkata,19-Mar-16,T20,272,11652,2016,0,1,0,0,1
286,24,Bangladesh,Bengaluru,23-Mar-16,T20,273,11676,2016,0,1,0,0,0
287,82,Australia,Mohali,27-Mar-16,T20,274,11758,2016,0,1,0,0,1
288,89,WestIndies,Wankhede,31-Mar-16,T20,275,11847,2016,0,1,0,0,1
289,200,WestIndies,NorthSound,21-Jul-16,Test,276,12047,2016,0,0,1,1,0
290,44,WestIndies,Kingston,30-Jul-16,Test,277,12091,2016,0,0,1,0,0
291,3,WestIndies,GrosIslet,09-Aug-16,Test,278,12094,2016,0,0,1,0,0
292,4,WestIndies,GrosIslet,09-Aug-16,Test,279,12098,2016,0,0,1,0,0
294,16,WestIndies,Lauderhill,27-Aug-16,T20,280,12114,2016,0,1,0,0,0
296,9,NewZealand,Kanpur,22-Sep-16,Test,281,12123,2016,0,0,1,0,0
297,18,NewZealand,Kanpur,22-Sep-16,Test,282,12141,2016,0,0,1,0,0
298,9,NewZealand,Kolkata,30-Sep-16,Test,283,12150,2016,0,0,1,0,0
299,45,NewZealand,Kolkata,30-Sep-16,Test,284,12195,2016,0,0,1,0,0
300,211,NewZealand,Indore,08-Oct-16,Test,285,12406,2016,0,0,1,1,0
301,17,NewZealand,Indore,08-Oct-16,Test,286,12423,2016,0,0,1,0,0
302,85,NewZealand,Dharamsala,16-Oct-16,ODI,287,12508,2016,1,0,0,0,1
303,9,NewZealand,Delhi,20-Oct-16,ODI,288,12517,2016,1,0,0,0,0
304,154,NewZealand,Mohali,23-Oct-16,ODI,289,12671,2016,1,0,0,1,0
305,45,NewZealand,Ranchi,26-Oct-16,ODI,290,12716,2016,1,0,0,0,0
306,65,NewZealand,Visakhapatnam,29-Oct-16,ODI,291,12781,2016,1,0,0,0,1
307,40,England,Rajkot,09-Nov-16,Test,292,12821,2016,0,0,1,0,0
308,49,England,Rajkot,09-Nov-16,Test,293,12870,2016,0,0,1,0,0
309,167,England,Visakhapatnam,17-Nov-16,Test,294,13037,2016,0,0,1,1,0
310,81,England,Visakhapatnam,17-Nov-16,Test,295,13118,2016,0,0,1,0,1
311,62,England,Mohali,26-Nov-16,Test,296,13180,2016,0,0,1,0,1
312,6,England,Mohali,26-Nov-16,Test,297,13186,2016,0,0,1,0,0
313,235,England,Wankhede,08-Dec-16,Test,298,13421,2016,0,0,1,1,0
314,15,England,Chennai,16-Dec-16,Test,299,13436,2016,0,0,1,0,0
315,122,England,Pune,15-Jan-17,ODI,300,13558,2017,1,0,0,1,0
316,8,England,Cuttack,19-Jan-17,ODI,301,13566,2017,1,0,0,0,0
317,55,England,Kolkata,22-Jan-17,ODI,302,13621,2017,1,0,0,0,1
318,29,England,Kanpur,26-Jan-17,T20,303,13650,2017,0,1,0,0,0
319,21,England,Nagpur,29-Jan-17,T20,304,13671,2017,0,1,0,0,0
320,2,England,Bengaluru,01-Feb-17,T20,305,13673,2017,0,1,0,0,0
321,204,Bangladesh,Hyderabad(Deccan),09-Feb-17,Test,306,13877,2017,0,0,1,1,0
322,38,Bangladesh,Hyderabad(Deccan),09-Feb-17,Test,307,13915,2017,0,0,1,0,0
323,0,Australia,Pune,23-Feb-17,Test,308,13915,2017,0,0,1,0,0
324,13,Australia,Pune,23-Feb-17,Test,309,13928,2017,0,0,1,0,0
325,12,Australia,Bengaluru,04-Mar-17,Test,310,13940,2017,0,0,1,0,0
326,15,Australia,Bengaluru,04-Mar-17,Test,311,13955,2017,0,0,1,0,0
327,6,Australia,Ranchi,16-Mar-17,Test,312,13961,2017,0,0,1,0,0
328,81,Pakistan,Birmingham,04-Jun-17,ODI,313,14042,2017,1,0,0,0,1
329,0,SriLanka,TheOval,08-Jun-17,ODI,314,14042,2017,1,0,0,0,0
330,76,SouthAfrica,TheOval,11-Jun-17,ODI,315,14118,2017,1,0,0,0,1
331,96,Bangladesh,Birmingham,15-Jun-17,ODI,316,14214,2017,1,0,0,0,1
332,5,Pakistan,TheOval,18-Jun-17,ODI,317,14219,2017,1,0,0,0,0
333,32,WestIndies,PortofSpain,23-Jun-17,ODI,318,14251,2017,1,0,0,0,0
334,87,WestIndies,PortofSpain,25-Jun-17,ODI,319,14338,2017,1,0,0,0,1
335,11,WestIndies,NorthSound,30-Jun-17,ODI,320,14349,2017,1,0,0,0,0
336,3,WestIndies,NorthSound,02-Jul-17,ODI,321,14352,2017,1,0,0,0,0
337,111,WestIndies,Kingston,06-Jul-17,ODI,322,14463,2017,1,0,0,1,0
338,39,WestIndies,Kingston,09-Jul-17,T20,323,14502,2017,0,1,0,0,0
339,3,SriLanka,Galle,26-Jul-17,Test,324,14505,2017,0,0,1,0,0
340,103,SriLanka,Galle,26-Jul-17,Test,325,14608,2017,0,0,1,1,0
341,13,SriLanka,Colombo(SSC),03-Aug-17,Test,326,14621,2017,0,0,1,0,0
342,42,SriLanka,Pallekele,12-Aug-17,Test,327,14663,2017,0,0,1,0,0
343,82,SriLanka,Dambulla,20-Aug-17,ODI,328,14745,2017,1,0,0,0,1
344,4,SriLanka,Pallekele,24-Aug-17,ODI,329,14749,2017,1,0,0,0,0
345,3,SriLanka,Pallekele,27-Aug-17,ODI,330,14752,2017,1,0,0,0,0
346,131,SriLanka,Colombo(RPS),31-Aug-17,ODI,331,14883,2017,1,0,0,1,0
347,110,SriLanka,Colombo(RPS),03-Sep-17,ODI,332,14993,2017,1,0,0,1,0
348,82,SriLanka,Colombo(RPS),06-Sep-17,T20,333,15075,2017,0,1,0,0,1
349,0,Australia,Chennai,17-Sep-17,ODI,334,15075,2017,1,0,0,0,0
350,92,Australia,Kolkata,21-Sep-17,ODI,335,15167,2017,1,0,0,0,1
351,28,Australia,Indore,24-Sep-17,ODI,336,15195,2017,1,0,0,0,0
352,21,Australia,Bengaluru,28-Sep-17,ODI,337,15216,2017,1,0,0,0,0
353,39,Australia,Nagpur,01-Oct-17,ODI,338,15255,2017,1,0,0,0,0
354,22,Australia,Ranchi,07-Oct-17,T20,339,15277,2017,0,1,0,0,0
355,0,Australia,Guwahati,10-Oct-17,T20,340,15277,2017,0,1,0,0,0
356,121,NewZealand,Wankhede,22-Oct-17,ODI,341,15398,2017,1,0,0,1,0
357,29,NewZealand,Pune,25-Oct-17,ODI,342,15427,2017,1,0,0,0,0
358,113,NewZealand,Kanpur,29-Oct-17,ODI,343,15540,2017,1,0,0,1,0
359,26,NewZealand,Delhi,01-Nov-17,T20,344,15566,2017,0,1,0,0,0
360,65,NewZealand,Rajkot,04-Nov-17,T20,345,15631,2017,0,1,0,0,1
361,13,NewZealand,Thiruvananthapuram,07-Nov-17,T20,346,15644,2017,0,1,0,0,0
362,0,SriLanka,Kolkata,16-Nov-17,Test,347,15644,2017,0,0,1,0,0
363,104,SriLanka,Kolkata,16-Nov-17,Test,348,15748,2017,0,0,1,1,0
364,213,SriLanka,Nagpur,24-Nov-17,Test,349,15961,2017,0,0,1,1,0
365,243,SriLanka,Delhi,02-Dec-17,Test,350,16204,2017,0,0,1,1,0
366,50,SriLanka,Delhi,02-Dec-17,Test,351,16254,2017,0,0,1,0,1
367,5,SouthAfrica,CapeTown,05-Jan-18,Test,352,16259,2018,0,0,1,0,0
368,28,SouthAfrica,CapeTown,05-Jan-18,Test,353,16287,2018,0,0,1,0,0
369,153,SouthAfrica,Centurion,13-Jan-18,Test,354,16440,2018,0,0,1,1,0
370,5,SouthAfrica,Centurion,13-Jan-18,Test,355,16445,2018,0,0,1,0,0
371,54,SouthAfrica,Johannesburg,24-Jan-18,Test,356,16499,2018,0,0,1,0,1
372,41,SouthAfrica,Johannesburg,24-Jan-18,Test,357,16540,2018,0,0,1,0,0
373,112,SouthAfrica,Durban,01-Feb-18,ODI,358,16652,2018,1,0,0,1,0
374,46,SouthAfrica,Centurion,04-Feb-18,ODI,359,16698,2018,1,0,0,0,0
375,160,SouthAfrica,CapeTown,07-Feb-18,ODI,360,16858,2018,1,0,0,1,0
376,75,SouthAfrica,Johannesburg,10-Feb-18,ODI,361,16933,2018,1,0,0,0,1
377,36,SouthAfrica,Gqeberha,13-Feb-18,ODI,362,16969,2018,1,0,0,0,0
378,129,SouthAfrica,Centurion,16-Feb-18,ODI,363,17098,2018,1,0,0,1,0
379,26,SouthAfrica,Johannesburg,18-Feb-18,T20,364,17124,2018,0,1,0,0,0
380,1,SouthAfrica,Centurion,21-Feb-18,T20,365,17125,2018,0,1,0,0,0
381,0,Ireland,Dublin(Malahide),27-Jun-18,T20,366,17125,2018,0,1,0,0,0
382,9,Ireland,Dublin(Malahide),29-Jun-18,T20,367,17134,2018,0,1,0,0,0
383,20,England,Manchester,03-Jul-18,T20,368,17154,2018,0,1,0,0,0
384,47,England,Cardiff,06-Jul-18,T20,369,17201,2018,0,1,0,0,0
385,43,England,Bristol,08-Jul-18,T20,370,17244,2018,0,1,0,0,0
386,75,England,Nottingham,12-Jul-18,ODI,371,17319,2018,1,0,0,0,1
387,45,England,Lord's,14-Jul-18,ODI,372,17364,2018,1,0,0,0,0
388,71,England,Leeds,17-Jul-18,ODI,373,17435,2018,1,0,0,0,1
389,149,England,Birmingham,01-Aug-18,Test,374,17584,2018,0,0,1,1,0
390,51,England,Birmingham,01-Aug-18,Test,375,17635,2018,0,0,1,0,1
391,23,England,Lord's,09-Aug-18,Test,376,17658,2018,0,0,1,0,0
392,17,England,Lord's,09-Aug-18,Test,377,17675,2018,0,0,1,0,0
393,97,England,Nottingham,18-Aug-18,Test,378,17772,2018,0,0,1,0,1
394,103,England,Nottingham,18-Aug-18,Test,379,17875,2018,0,0,1,1,0
395,46,England,Southampton,30-Aug-18,Test,380,17921,2018,0,0,1,0,0
396,58,England,Southampton,30-Aug-18,Test,381,17979,2018,0,0,1,0,1
397,49,England,TheOval,07-Sep-18,Test,382,18028,2018,0,0,1,0,0
398,0,England,TheOval,07-Sep-18,Test,383,18028,2018,0,0,1,0,0
399,139,WestIndies,Rajkot,04-Oct-18,Test,384,18167,2018,0,0,1,1,0
400,45,WestIndies,Hyderabad(Deccan),12-Oct-18,Test,385,18212,2018,0,0,1,0,0
402,140,WestIndies,Guwahati,21-Oct-18,ODI,386,18352,2018,1,0,0,1,0
403,157,WestIndies,Visakhapatnam,24-Oct-18,ODI,387,18509,2018,1,0,0,1,0
404,107,WestIndies,Pune,27-Oct-18,ODI,388,18616,2018,1,0,0,1,0
405,16,WestIndies,Brabourne,29-Oct-18,ODI,389,18632,2018,1,0,0,0,0
406,33,WestIndies,Thiruvananthapuram,01-Nov-18,ODI,390,18665,2018,1,0,0,0,0
407,4,Australia,Brisbane,21-Nov-18,T20,391,18669,2018,0,1,0,0,0
409,61,Australia,Sydney,25-Nov-18,T20,392,18730,2018,0,1,0,0,1
410,3,Australia,Adelaide,06-Dec-18,Test,393,18733,2018,0,0,1,0,0
411,34,Australia,Adelaide,06-Dec-18,Test,394,18767,2018,0,0,1,0,0
412,123,Australia,Perth,14-Dec-18,Test,395,18890,2018,0,0,1,1,0
413,17,Australia,Perth,14-Dec-18,Test,396,18907,2018,0,0,1,0,0
414,82,Australia,Melbourne,26-Dec-18,Test,397,18989,2018,0,0,1,0,1
415,0,Australia,Melbourne,26-Dec-18,Test,398,18989,2018,0,0,1,0,0
416,23,Australia,Sydney,03-Jan-19,Test,399,19012,2019,0,0,1,0,0
417,3,Australia,Sydney,12-Jan-19,ODI,400,19015,2019,1,0,0,0,0
418,104,Australia,Adelaide,15-Jan-19,ODI,401,19119,2019,1,0,0,1,0
419,46,Australia,Melbourne,18-Jan-19,ODI,402,19165,2019,1,0,0,0,0
420,45,NewZealand,Napier,23-Jan-19,ODI,403,19210,2019,1,0,0,0,0
421,43,NewZealand,MountMaunganui,26-Jan-19,ODI,404,19253,2019,1,0,0,0,0
422,60,NewZealand,MountMaunganui,28-Jan-19,ODI,405,19313,2019,1,0,0,0,1
423,24,Australia,Visakhapatnam,24-Feb-19,T20,406,19337,2019,0,1,0,0,0
424,72,Australia,Bengaluru,27-Feb-19,T20,407,19409,2019,0,1,0,0,1
425,44,Australia,Hyderabad(Deccan),02-Mar-19,ODI,408,19453,2019,1,0,0,0,0
426,116,Australia,Nagpur,05-Mar-19,ODI,409,19569,2019,1,0,0,1,0
427,123,Australia,Ranchi,08-Mar-19,ODI,410,19692,2019,1,0,0,1,0
428,7,Australia,Mohali,10-Mar-19,ODI,411,19699,2019,1,0,0,0,0
429,20,Australia,Delhi,13-Mar-19,ODI,412,19719,2019,1,0,0,0,0
430,18,SouthAfrica,Southampton,05-Jun-19,ODI,413,19737,2019,1,0,0,0,0
431,82,Australia,TheOval,09-Jun-19,ODI,414,19819,2019,1,0,0,0,1
432,77,Pakistan,Manchester,16-Jun-19,ODI,415,19896,2019,1,0,0,0,1
433,67,Afghanistan,Southampton,22-Jun-19,ODI,416,19963,2019,1,0,0,0,1
434,72,WestIndies,Manchester,27-Jun-19,ODI,417,20035,2019,1,0,0,0,1
435,66,England,Birmingham,30-Jun-19,ODI,418,20101,2019,1,0,0,0,1
436,26,Bangladesh,Birmingham,02-Jul-19,ODI,419,20127,2019,1,0,0,0,0
437,34,SriLanka,Leeds,06-Jul-19,ODI,420,20161,2019,1,0,0,0,0
438,1,NewZealand,Manchester,09-Jul-19,ODI,421,20162,2019,1,0,0,0,0
439,19,WestIndies,Lauderhill,03-Aug-19,T20,422,20181,2019,0,1,0,0,0
440,28,WestIndies,Lauderhill,04-Aug-19,T20,423,20209,2019,0,1,0,0,0
441,59,WestIndies,Providence,06-Aug-19,T20,424,20268,2019,0,1,0,0,1
443,120,WestIndies,PortofSpain,11-Aug-19,ODI,425,20388,2019,1,0,0,1,0
444,114,WestIndies,PortofSpain,14-Aug-19,ODI,426,20502,2019,1,0,0,1,0
445,9,WestIndies,NorthSound,22-Aug-19,Test,427,20511,2019,0,0,1,0,0
446,51,WestIndies,NorthSound,22-Aug-19,Test,428,20562,2019,0,0,1,0,1
447,76,WestIndies,Kingston,30-Aug-19,Test,429,20638,2019,0,0,1,0,1
448,0,WestIndies,Kingston,30-Aug-19,Test,430,20638,2019,0,0,1,0,0
449,72,SouthAfrica,Mohali,18-Sep-19,T20,431,20710,2019,0,1,0,0,1
450,9,SouthAfrica,Bengaluru,22-Sep-19,T20,432,20719,2019,0,1,0,0,0
451,20,SouthAfrica,Visakhapatnam,02-Oct-19,Test,433,20739,2019,0,0,1,0,0
452,31,SouthAfrica,Visakhapatnam,02-Oct-19,Test,434,20770,2019,0,0,1,0,0
453,254,SouthAfrica,Pune,10-Oct-19,Test,435,21024,2019,0,0,1,1,0
454,12,SouthAfrica,Ranchi,19-Oct-19,Test,436,21036,2019,0,0,1,0,0
455,0,Bangladesh,Indore,14-Nov-19,Test,437,21036,2019,0,0,1,0,0
456,136,Bangladesh,Kolkata,22-Nov-19,Test,438,21172,2019,0,0,1,1,0
457,94,WestIndies,Hyderabad(Deccan),06-Dec-19,T20,439,21266,2019,0,1,0,0,1
458,19,WestIndies,Thiruvananthapuram,08-Dec-19,T20,440,21285,2019,0,1,0,0,0
459,70,WestIndies,Wankhede,11-Dec-19,T20,441,21355,2019,0,1,0,0,1
460,4,WestIndies,Chennai,15-Dec-19,ODI,442,21359,2019,1,0,0,0,0
461,0,WestIndies,Visakhapatnam,18-Dec-19,ODI,443,21359,2019,1,0,0,0,0
462,85,WestIndies,Cuttack,22-Dec-19,ODI,444,21444,2019,1,0,0,0,1
464,30,SriLanka,Indore,07-Jan-20,T20,445,21474,2020,0,1,0,0,0
465,26,SriLanka,Pune,10-Jan-20,T20,446,21500,2020,0,1,0,0,0
466,16,Australia,Wankhede,14-Jan-20,ODI,447,21516,2020,1,0,0,0,0
467,78,Australia,Rajkot,17-Jan-20,ODI,448,21594,2020,1,0,0,0,1
468,89,Australia,Bengaluru,19-Jan-20,ODI,449,21683,2020,1,0,0,0,1
469,45,NewZealand,Auckland,24-Jan-20,T20,450,21728,2020,0,1,0,0,0
470,11,NewZealand,Auckland,26-Jan-20,T20,451,21739,2020,0,1,0,0,0
471,38,NewZealand,Hamilton,29-Jan-20,T20,452,21777,2020,0,1,0,0,0
472,11,NewZealand,Wellington,31-Jan-20,T20,453,21788,2020,0,1,0,0,0
473,51,NewZealand,Hamilton,05-Feb-20,ODI,454,21839,2020,1,0,0,0,1
474,15,NewZealand,Auckland,08-Feb-20,ODI,455,21854,2020,1,0,0,0,0
475,9,NewZealand,MountMaunganui,11-Feb-20,ODI,456,21863,2020,1,0,0,0,0
476,2,NewZealand,Wellington,21-Feb-20,Test,457,21865,2020,0,0,1,0,0
477,19,NewZealand,Wellington,21-Feb-20,Test,458,21884,2020,0,0,1,0,0
478,3,NewZealand,Christchurch,29-Feb-20,Test,459,21887,2020,0,0,1,0,0
479,14,NewZealand,Christchurch,29-Feb-20,Test,460,21901,2020,0,0,1,0,0
480,21,Australia,Sydney,27-Nov-20,ODI,461,21922,2020,1,0,0,0,0
481,89,Australia,Sydney,29-Nov-20,ODI,462,22011,2020,1,0,0,0,1
482,63,Australia,Canberra,02-Dec-20,ODI,463,22074,2020,1,0,0,0,1
483,9,Australia,Canberra,04-Dec-20,T20,464,22083,2020,0,1,0,0,0
484,40,Australia,Sydney,06-Dec-20,T20,465,22123,2020,0,1,0,0,0
485,85,Australia,Sydney,08-Dec-20,T20,466,22208,2020,0,1,0,0,1
486,74,Australia,Adelaide,17-Dec-20,Test,467,22282,2020,0,0,1,0,1
487,4,Australia,Adelaide,17-Dec-20,Test,468,22286,2020,0,0,1,0,0
488,11,England,Chennai,05-Feb-21,Test,469,22297,2021,0,0,1,0,0
489,72,England,Chennai,05-Feb-21,Test,470,22369,2021,0,0,1,0,1
490,0,England,Chennai,13-Feb-21,Test,471,22369,2021,0,0,1,0,0
491,62,England,Chennai,13-Feb-21,Test,472,22431,2021,0,0,1,0,1
492,27,England,Ahmedabad,24-Feb-21,Test,473,22458,2021,0,0,1,0,0
494,0,England,Ahmedabad,04-Mar-21,Test,474,22458,2021,0,0,1,0,0
495,0,England,Ahmedabad,12-Mar-21,T20,475,22458,2021,0,1,0,0,0
496,73,England,Ahmedabad,14-Mar-21,T20,476,22531,2021,0,1,0,0,1
497,77,England,Ahmedabad,16-Mar-21,T20,477,22608,2021,0,1,0,0,1
498,1,England,Ahmedabad,18-Mar-21,T20,478,22609,2021,0,1,0,0,0
499,80,England,Ahmedabad,20-Mar-21,T20,479,22689,2021,0,1,0,0,1
500,56,England,Pune,23-Mar-21,ODI,480,22745,2021,1,0,0,0,1
501,66,England,Pune,26-Mar-21,ODI,481,22811,2021,1,0,0,0,1
502,7,England,Pune,28-Mar-21,ODI,482,22818,2021,1,0,0,0,0
503,44,NewZealand,Southampton,18-Jun-21,Test,483,22862,2021,0,0,1,0,0
504,13,NewZealand,Southampton,18-Jun-21,Test,484,22875,2021,0,0,1,0,0
505,0,England,Nottingham,04-Aug-21,Test,485,22875,2021,0,0,1,0,0
507,42,England,Lord's,12-Aug-21,Test,486,22917,2021,0,0,1,0,0
508,20,England,Lord's,12-Aug-21,Test,487,22937,2021,0,0,1,0,0
509,7,England,Leeds,25-Aug-21,Test,488,22944,2021,0,0,1,0,0
510,55,England,Leeds,25-Aug-21,Test,489,22999,2021,0,0,1,0,1
511,50,England,TheOval,02-Sep-21,Test,490,23049,2021,0,0,1,0,1
512,44,England,TheOval,02-Sep-21,Test,491,23093,2021,0,0,1,0,0
513,57,Pakistan,Dubai(DSC),24-Oct-21,T20,492,23150,2021,0,1,0,0,1
514,9,NewZealand,Dubai(DSC),31-Oct-21,T20,493,23159,2021,0,1,0,0,0
516,2,Scotland,Dubai(DSC),05-Nov-21,T20,494,23161,2021,0,1,0,0,0
518,0,NewZealand,Wankhede,03-Dec-21,Test,495,23161,2021,0,0,1,0,0
519,36,NewZealand,Wankhede,03-Dec-21,Test,496,23197,2021,0,0,1,0,0
520,35,SouthAfrica,Centurion,26-Dec-21,Test,497,23232,2021,0,0,1,0,0
521,18,SouthAfrica,Centurion,26-Dec-21,Test,498,23250,2021,0,0,1,0,0
522,79,SouthAfrica,CapeTown,11-Jan-22,Test,499,23329,2022,0,0,1,0,1
523,29,SouthAfrica,CapeTown,11-Jan-22,Test,500,23358,2022,0,0,1,0,0
524,51,SouthAfrica,Paarl,19-Jan-22,ODI,501,23409,2022,1,0,0,0,1
525,0,SouthAfrica,Paarl,21-Jan-22,ODI,502,23409,2022,1,0,0,0,0
526,65,SouthAfrica,CapeTown,23-Jan-22,ODI,503,23474,2022,1,0,0,0,1
527,8,WestIndies,Ahmedabad,06-Feb-22,ODI,504,23482,2022,1,0,0,0,0
528,18,WestIndies,Ahmedabad,09-Feb-22,ODI,505,23500,2022,1,0,0,0,0
529,0,WestIndies,Ahmedabad,11-Feb-22,ODI,506,23500,2022,1,0,0,0,0
530,17,WestIndies,Kolkata,16-Feb-22,T20,507,23517,2022,0,1,0,0,0
531,52,WestIndies,Kolkata,18-Feb-22,T20,508,23569,2022,0,1,0,0,1
532,45,SriLanka,Mohali,04-Mar-22,Test,509,23614,2022,0,0,1,0,0
533,23,SriLanka,Bengaluru,12-Mar-22,Test,510,23637,2022,0,0,1,0,0
534,13,SriLanka,Bengaluru,12-Mar-22,Test,511,23650,2022,0,0,1,0,0
535,11,England,Birmingham,01-Jul-22,Test,512,23661,2022,0,0,1,0,0
536,20,England,Birmingham,01-Jul-22,Test,513,23681,2022,0,0,1,0,0
537,1,England,Birmingham,09-Jul-22,T20,514,23682,2022,0,1,0,0,0
538,11,England,Nottingham,10-Jul-22,T20,515,23693,2022,0,1,0,0,0
539,16,England,Lord's,14-Jul-22,ODI,516,23709,2022,1,0,0,0,0
